Case Name,Relevant Legal Sections,Crime Committed,Risk of Flight,City and State,Bail Status,Court Name,Judge Name,damage
1. Siddharam Satlingappa Mhetre vs State Of Maharashtra And Ors,"2. CrPC 436, CrPC 437, CrPC 438, CrPC 439, CrPC 450, Article 21","3. Murder, Assault",4. No,5. null,6. Granted,7. Supreme Court of India,8. Dalveer Bhandari,"9. One person killed, several people assaulted"
1. Smt. Sharda vs State Of Rajasthan And Anr.,"2. Cr.P.C. 482, Cr.P.C. 438, IPC 498A, IPC 307, IPC 302","3. Attempted murder (initially), Murder (later)",4. Yes,"5. Dungarpur, Rajasthan",6. Denied,7. High Court of Rajasthan (implied),8. Mr. Justice Mohd. Yamin,9. null
1. State Of Gujarat vs Minajbhai Ranzalali Patel,"2. IPC 302, 307, 34, 143, 147, 148, 149, 120(B), 337; Gujarat Police Act 135; Arms Act 25(1)B, 27(2)",3. Triple murder; assault,4. No,"5. Bhavnagar, Gujarat",6. Denied,7. Gujarat High Court,8. MS. SONIA GOKANI,9. Three people killed
1. State Of Gujarat vs Minajbhai Ranzalali Patel,"2. IPC 302, 307, 34, 143, 147, 148, 149, 120(B), 337; Gujarat Police Act 135; Arms Act 25(1)B, 27(2)",3. Triple murder; assault,4. Yes,"5. Bhavnagar, Gujarat",6. Denied,7. High Court of Gujarat,8. Ms. Sonia Gokani,9. Three people killed
1. Sita Ram Singh And Anr. vs State Of Bihar,"2. Section 482 of Code of Criminal Procedure, Section 307 IPC, Section 302 IPC, Section 437(5) Cr.P.C, Section 439(2) Cr.P.C",3. Assault resulting in death (initially attempted murder),4. No,"5. Jhanjharpur, Bihar",6. Granted (Initially); Cancelled (then reinstated pending reconsideration),7. null,8. null,9. null
1. Masook Ali vs State Of Punjab And Ors.,"2. Section 439(2), Section 167(2), Sections 302/307/325/34, Indian Penal Code, Sections 107/151","3. Murder, causing serious injuries",4. Yes,"5. Jagraon, Punjab",6. Cancelled,7. High Court of Punjab and Haryana (implied),8. null,"9.One person murdered, two people seriously injured."
1. Sunny Jaglan vs State & Ors,"2. Section 307/34 Indian Penal Code, 1860; initially Section 308 Indian Penal Code, 1860",3. Attempted Murder (Grievous hurt caused by attacking with a broken beer bottle),4. No,"5. New Delhi, Delhi",6. Granted,7. null,8. Suresh Kait,9.null
1. State (Govt Of Nct Of Delhi) vs Rupak Rana,"2. Section 439(2) Cr.P.C, Section 482 Cr.P.C, Section 302 IPC, Section 34 IPC, Section 25/27/30 Arms Act",3. Murder,4. No,"5. Delhi, Delhi",6. Denied,7. null,8. SURESH KAIT,9. One person (Rajbeer Rana) was killed.
1. Vikash Raghuvanshi vs The State Of Madhya Pradesh,"2. Section 439(2) of the Code of Criminal Procedure, Section 447 and 506II of IPC",3. House trespass and criminal intimidation,4. Yes,5. null,6. Denied,7. null,8. Sheel Nagu,9. null
1. State By Inspector Of Police vs P. Rajagopal,"2. IPC 147, 451, 352, 354, 364, 366, 342, 506, 120-B, 302","3. Conspiracy, abduction, murder, attempted witness tampering, assault",4. Yes,"5. Chennai, Tamil Nadu",6. Denied,7. null,8. null,"9.Rs. 6 lakhs (attempted bribe), one person injured by knife"
1. Sajid Basir Shaikh vs State Of Maharashtra,"2. IPC 395, IPC 397, IPC 324, IPC 34, Arms Act 3, Arms Act 25",3. Robbery,4. Yes,"5. Mumbai, Maharashtra",6. Granted,7. null,8. null,9. null
1. Aminuddin vs The State Of Uttar Pradesh,"2. IPC 147, 148, 149, 302, 352, 34",3. Murder,4. Yes,"5. Kasganj, Uttar Pradesh","6. Denied (bail initially granted, then revoked)",7. Supreme Court of India,"8. Dinesh Maheshwari, Krishna Murari",9. null
1. Deepu (Third Bail) vs State Of Up Thru Prin. Secy. Homeand ...,"2. IPC 323, 506, 376D; Section 5/7 Protection of Children from Sexual Offences Act, 2012","3. Rape, Assault, Criminal intimidation",4. No,"5. Amethi, Uttar Pradesh",6. Granted,7. null,8. Rajesh Singh Chauhan,9. null
"1. Smt,Madhuri Sharma vs State And Ors","2. Section 439 (2) Cr.P.C., Section 167 (2) Cr.P.C.",3. Cheating using forged documents to obtain money,4. Yes,5. null,6. Granted (initially); Cancelled (in this application),7. Rajasthan High Court,8. null,9. A huge sum of money
1. Palanivel vs The State,"2. IPC 302, IPC 34, Cr.P.C 267, Cr.P.C 437(5), Cr.P.C 439(2), Cr.P.C 446-A, Cr.P.C 309, Cr.P.C 482, Cr.P.C 89",3. Murder (Section 302 IPC),4. Yes,"5. Salem, Tamil Nadu",6. Denied,7. Madras High Court,8. N. Anand Venkatesh,9. null
1. Vivek Harivyasi vs Serious Fraud Investigation Office,"2. Section 482, Section 439 of the Code of Criminal Procedure, Sections 447, 74(3), and 76A of the Companies Act 2013, Sections 417, 418, 420, 477-A, and 120-B of IPC","3. Fraud, Conspiracy, Money Laundering",4. Yes,"5. Gurugram, Haryana",6. Denied,7. High Court of Punjab and Haryana,8. Rajbir Sehrawat,9.Rs.9253 Crores (including interest) payable to investors; Rs. 1700 Crores (loans advanced); Rs. 89.23 Crores (cash siphoned); Rs. 223.775 Crores (total transactions); Rs. 210 Crores (loans given without documents); Rs. 80 Crores (approx) siphoned through land deals; Rs. 152.62 Crores (loans advanced to Riddhi Siddhi Group); Rs. 883 Crores (outstanding amount for Riddhi Siddhi loans); Rs. 17 Crores (cash laundered for Riyasat Green Farm); Rs. 12.75 Crores (transferred to A3G Infra).
1. Kanhaiya vs State Of U.P.,"2. Sections 498A, 304B, 201 IPC and Section 3/4 DP Act, Section 439 CrPC, Section 330 CrPC, Sections 328, 329 CrPC, Sections 331-339 CrPC, Article 227 of the Constitution of India, Section 482 CrPC, Section 437 CrPC, Section 397 CrPC, Section 401 CrPC, Article 21 of the Constitution","3.  The specific crime is not explicitly stated, but the charges include 498A (cruelty by husband or his relatives), 304B (dowry death), and 201 (causing disappearance of evidence of offence).",4. null,"5. Farrukhabad, Uttar Pradesh",6. Denied,7. Allahabad High Court,8.  null (The judge's full name is not provided in this excerpt),9. null
1. State of Manipur vs. Laishram Suresh Singh,"2. Section 439(2) of Cr.P.C., 1973; IPC 420/468/471/419/168/20-B/34;  PC Act 1988, Section 13; IPC 353/326/307/34; Arms Act 25 (1-C)","3. Cheating, Fraud, Criminal Conspiracy, Assaulting a public servant, Causing grievous hurt, Attempt to murder",4. No,"5. Imphal, Manipur",6. Denied (bail cancelled),7. High Court of Manipur,8. null,9.null
1. Mithilesh Kumar Sharma And Ors. vs The State Of Bihar,"2. IPC 147, 148, 452, 307, 364, 302, IPC 120B, Section 3(i)(ii) of the Scheduled Castes and the Scheduled Tribes (Prevention of Atrocities) Act, 1989, Section 27 of the Arms Act","3. Murder, Conspiracy, Riot, Assault, Kidnapping",4. No,"5. Jehanabad, Bihar",6. Denied,7. Patna High Court,"8. R.N. Sahay, J.",9. 61 people killed
1. Mani Prasad Singh vs The State Of West Bengal & Anr,"2. Section 148/149/326/307/427 I.P.C, Section 3 and 5 of the Explosive Substance Act, Section 25(i)(b)/27 Arms Act","3.  Rioting, causing hurt by dangerous weapons, attempt to murder, causing mischief by fire or explosive substance, illegal possession of arms and ammunition.",4. No,5. null,6. Granted (Anticipatory bail),7. null,"8. Patherya, J. and Indrajit Chatterjee, J.",9. null
1. The State of West Bengal vs Rakesh Kumar Singh,"2. IPC 341/323, Section 3(1)(x) of the Scheduled Castes and Scheduled Tribes (Prevention of Atrocities) Act, 1989, IPC 307/34, IPC 353/506/379/511, CrPC 439(2), CrPC 482","3. Assault, humiliation, insult, abuse, threatening, attempt to snatch case papers",4. Yes,"5. Calcutta, West Bengal",6. Denied,7. High Court of Calcutta,8. R. K. Bag,9. null
1. Sachin Atmaram Vartak vs The State Of Maharashtra,"2. Section 439 of Code of Criminal Procedure, Sections 8(c), 22, 27A and 29 of Narcotic Drugs and Psychotropic Substances Act, 1985",3. Possession of 560 kgs. 148 grams of Methaqualone (a psychotropic substance),4. No,"5. Palghar, Maharashtra",6. Granted,7. Bombay High Court,8. Prakash D. Naik,9. 560 kgs. 148 grams of Methaqualone
1. State Of Karnataka vs Nagaraja,2. Section 439(2) Cr.P.C.,3. POCSO Act violation (Sexual assault of a minor),4. null,"5. Chikkamagalur, Karnataka",6. Denied (Bail previously granted was cancelled),7. null,8. null,9. null

1. Siddharam Satlingappa Mhetre vs State Of Maharashtra And Ors,2. CrPC 436, CrPC 437, CrPC 438, CrPC 439, CrPC 450, Article 21,3. Murder, Assault,4. No,5. null,6. Granted,7. Supreme Court of India,8. Dalveer Bhandari, K.S. Panicker Radhakrishnan,9. One person killed, several others assaulted
1. Smt. Sharda vs State Of Rajasthan And Anr.,2. Cr.P.C. 482, Cr.P.C. 438, IPC 498A, IPC 307, IPC 302,3. Attempted murder (initially), Murder (later),4. Yes,5. Dungarpur, Rajasthan,6. Denied,7. Rajasthan High Court,8. Mohd. Yamin,9.null
1. State Of Gujarat vs Minajbhai Ranzalali Patel,2. IPC 302, 307, 34, 143, 147, 148, 149, 120(B), 337; Gujarat Police Act 135; Arms Act 25(1)B, 27(2),3. Triple murder; Assault,4. Yes,5. Bhavnagar, Gujarat,6. Denied,7. High Court of Gujarat,8. MS. SONIA GOKANI,9. Three people killed
1. State Of Gujarat vs Minajbhai Ranzalali Patel,2. IPC 302, 307, 34, 143, 147, 148, 149, 120(B), 337; Gujarat Police Act 135; Arms Act 25(1)B, 27(2),3. Triple murder; assault with deadly weapons,4. Yes,5. Bhavnagar, Gujarat,6. Denied,7. High Court of Gujarat,8. MS. SONIA GOKANI,9. Three people killed
1. Sita Ram Singh And Anr. vs State Of Bihar,2. Section 482 of Code of Criminal Procedure, Section 307 IPC, Section 302 IPC, Section 437(5) Cr.P.C, Section 439(2) Cr.P.C,3. Assault resulting in death,4. No,5. Jhanjharpur, Bihar,6. Granted (initially), then Cancelled, then Re-evaluated,7. null,8. null,9.null
1. Masook Ali vs State Of Punjab And Ors.,2. Section 439(2), Section 167(2), Sections 302/307/325/34 Indian Penal Code, Sections 107/151,3. Murder, causing serious injuries,4. Yes,5. Ludhiana, Punjab,6. Cancelled,7. High Court of Punjab and Haryana,8. null,9. null
1. Sunny Jaglan vs State & Ors,2. Section 307/34 Indian Penal Code, 1860; Section 308 Indian Penal Code, 1860,3. Attempted murder (initially grievous hurt) following a road rage incident involving a car accident and subsequent assault with a beer bottle.,4. No,5. New Delhi, Delhi,6. Granted,7. null,8. Suresh Kait,9. null
1. State (Govt Of Nct Of Delhi) vs Rupak Rana,2. Section 439(2) CrPC, Section 482 CrPC, Section 302 IPC, Section 34 IPC, Section 25/27/30 Arms Act,3. Murder,4. Yes,5. Delhi, Delhi (Inferred from "Govt Of Nct Of Delhi"),6. Denied,7. null,8. SURESH KAIT,9. One person (Rajbeer Rana) was killed.
1. Vikash Raghuvanshi vs The State Of Madhya Pradesh,2. Section 439(2) of the Code of Criminal Procedure, Section 447 and 506II of IPC,3. House trespass and criminal intimidation,4. Yes,5. null,6. Denied,7. null,8. Sheel Nagu,9. null
1. State By Inspector Of Police vs P. Rajagopal,2. IPC 147, 451, 352, 354, 364, 366, 342, 506 Part II, IPC 120-B, 147, 342, 364, 302,3. Conspiracy, abduction, murder, attempt to tamper with evidence, threatening and intimidation of witnesses,4. Yes,5. Chennai, Tamil Nadu,6. Denied,7. null,8. null,9.Rs. 6 lakhs (attempted bribe),  murder of Santhakumar, injuries sustained by complainant's brother
1. Sajid Basir Shaikh vs State Of Maharashtra,2. IPC 395, 397, 324, 34; Arms Act 3, 25; CrPC 439, 167(2), 437(5), 439(2),3. Robbery,4. Yes,5. Mumbai, Maharashtra,6. Granted,7. null,8. null,9. null
1. Aminuddin vs The State Of Uttar Pradesh,2. IPC 147, 148, 149, 302, 352, 34,3. Murder,4. Yes,5. Kasganj, Uttar Pradesh,6. Denied,7. Supreme Court of India,8. Dinesh Maheshwari, Krishna Murari,9. null
1. Deepu (Third Bail) vs State Of Up Thru Prin. Secy. Homeand ...,2. IPC 323, 506, 376D; Section 5/7 Protection of Children from Sexual Offences Act, 2012,3. Rape, Assault, Criminal Intimidation,4. No,5. Amethi, Uttar Pradesh,6. Granted,7. null,8. Rajesh Singh Chauhan,9. null
1. Smt,Madhuri Sharma vs State And Ors,2. Section 439 (2) Cr.P.C., Section 167 (2) Cr.P.C.,3. Cheating using forged documents to obtain money,4. Yes,5. null,6. Granted (initially), then cancelled,7. Rajasthan High Court,8. null,9. A huge sum of money
1. Palanivel vs The State,2. IPC 302, IPC 34, Section 446-A of Cr.P.C., Section 267 of Cr.P.C., Section 437(5), Section 439(2) of Cr.P.C.,3. Murder,4. Yes,5. Salem, Tamil Nadu,6. Denied,7. Madras High Court,8. N.Anand Venkatesh,9. null
1. Vivek Harivyasi vs Serious Fraud Investigation Office,2. Section 482, Section 439 of the Code of Criminal Procedure, Sections 447 of the Companies Act 2013, 120-B of IPC, Sections 417, 418, 420, 477-A IPC, Section 74 (3), 76A of the Companies Act 2013, Section 212 (1) of Companies Act 2013, section 43(2) & (3)(c)(i) of LLP Act 2008, section 212 (15) of Companies Act 2013, section 173 of Cr.P.C, section 167(2) Cr.P.C, section 212(10), section 436 of the Companies Act 2013, section 212 (6) of the new Companies Act 2013, Section 45 of the Prevention of Money Laundering Act, Article 21 of the Constitution, Article 14 of the Constitution, Section 437 (5) and 439 (2) of Cr.P.C, Section 167 Cr.P.C, sections 436, 437, 439 of the Cr.P.C, section 212(6) of the Companies Act, Section 210, Section 212, Section 217, Section 229, Section 436, Section 447 of the New Companies Act 2013, section 436A of the Cr.P.C, Section 25 of the Evidence Act, section 212(3), sections 435, 436, section 439 of the Companies Act, section 217(7), section 217(4), section 217(5) of the Companies Act, section 10 of the Evidence Act, section 30 of the Evidence Act.,3. Fraud, Conspiracy, Money Laundering,4. Yes,5. Gurugram, Haryana,6. Denied,7. High Court of Punjab and Haryana,8. Rajbir Sehrawat,9.Approximately Rs.9253 Crores (including interest) payable to investors; approximately Rs.1700 Crores in loans advanced by the Co-operative Society; approximately Rs.4140 Crores (including interest) payable to the Co-operative Society as unrepaid loans; Rs. 89.23 Crore siphoned off as cash; Rs. 223.775 Crore in fraudulent transactions; Rs. 210 Crore in loans given without documents; approximately Rs. 80 Crore siphoned off through land deals; Rs. 152.62 Crore in fraudulent loans (outstanding at Rs. 883 Crore as of 31.03.2018); Rs. 17 Crore laundered and invested in Riyasat Green Farm; Rs. 12.75 Crore transferred fraudulently.
1. Kanhaiya vs State Of U.P.,2. Sections 498A, 304B, 201 IPC and Section 3/4 DP Act, Section 439 CrPC, Section 330 CrPC, Sections 328, 329 CrPC, Sections 397, 401, 482 CrPC, Article 227 of the Constitution of India,3.  The specific crime is not explicitly stated, but the case involves Sections 498A (Husband or relative of husband of a woman subjecting her to cruelty), 304B (dowry death), and 201 (causing disappearance of evidence of offence) of the Indian Penal Code, along with Section 3/4 of the Dowry Prohibition Act.,4. No,5. Farrukhabad, Uttar Pradesh,6. Denied,7. Allahabad High Court,8. Pratyush Kumar (mentioned in the judgment, though the final order was not given by this judge),9. null
1. State of Manipur vs. Laishram Suresh Singh,2. Section 439(2) of Cr.P.C., 1973; Section 167(2) of Cr.P.C; Section 437(1) or (2) of Cr.P.C; Section 437(5) of Cr.P.C; Section 439(1) of Cr.P.C;  420/468/471/419/168/20-B/34 of I.P.C & 13 (PC Act 1988); 353/326/307/34-IPC & 25 (1-C) Arms Act,3. Cheating, Fraud, Criminal Conspiracy, Assaulting a public servant, Causing grievous hurt, Attempt to murder.,4. No,5. Imphal, Manipur,6. Granted (initially), then Denied (later cancelled),7. High Court of Manipur,8. null,9.null
1. Mithilesh Kumar Sharma And Ors. vs The State Of Bihar,2. IPC 147, 148, 452, 307, 364, 302, IPC 120B, Section 3(i)(ii) of the Scheduled Castes and the Scheduled Tribes (Prevention of Atrocities) Act, 1989, 27 of the Arms Act,3. Murder, Conspiracy, Rioting, Armed Assault,4. No,5. Jehanabad, Bihar,6. Denied,7. Patna High Court,8. R.N. Sahay, J.,9. 61 people killed (58 in the village and 3 fishermen)
1. Mani Prasad Singh vs The State Of West Bengal & Anr,2. Section 148/149/326/307/427 I.P.C, Section 3 and 5 of the Explosive Substance Act, Section 25(i)(b)/27 Arms Act,3.  Multiple offenses including rioting, causing hurt by dangerous weapons, attempt to murder, mischief by causing damage to property, and violations of the Explosive Substances Act and Arms Act.,4. No,5. null,6. Granted,7. null,8. Patherya, J. and Indrajit Chatterjee, J.,9. null
1. The State of West Bengal vs. Rakesh Kumar Singh,2. IPC 341/323, Section 3(1)(x) of the Scheduled Castes and Scheduled Tribes (Prevention of Atrocities) Act, 1989, IPC 307/34, IPC 353/506/379/511, CrPC 439(2), CrPC 482,3. Assault, humiliation, insult, abuse, threatening, attempt to snatch case papers,4. Yes,5. Calcutta, West Bengal,6. Denied,7. High Court of Calcutta,8. R. K. Bag,9. null
1. Sachin Atmaram Vartak vs The State Of Maharashtra,2. Section 439 of Code of Criminal Procedure, Sections 8(c), 22, 27A and 29 of Narcotic Drugs and Psychotropic Substances Act, 1985,3. Possession of 560 kgs. 148 grams of Methaqualone, a psychotropic substance.,4. No,5. Palghar, Maharashtra,6. Granted,7. Bombay High Court,8. Prakash D. Naik,9. 560 kgs. 148 grams of Methaqualone
Case Name:Smt. Rajni Chaturvedi vs State Of U.P. And Another,Relevant Legal Sections:IPC 307, 504, 506,Crime Committed:Attempted murder (Attempt to kill with knife blows resulting in serious injuries),Risk of Flight:No,City and State of the Case:Kannauj, Uttar Pradesh,Bail Status:Denied (Cancellation of bail application rejected),Court Name:High Court of Judicature at Allahabad (implied from the mention of Sessions Judge, Kannauj and the context),Name of the Judge:S.Ali,The damage:Multiple severe injuries to a 67-year-old man, requiring 60 stitches and resulting in a linear fracture in the parietal bone.
1. State (Delhi Administration) vs Gurucharan Singh And Ors.,2. IPC 120B, IPC 302, IPC 193, IPC 218, CrPC 439(2), CrPC 161, CrPC 164, CrPC 437, CrPC 497, CrPC 498,3. Murder,4. Yes,5. Delhi, Delhi,6. Denied,7. High Court,8. null,9.null
1. State Of Karnataka vs Nagaraja,2. Section 439(2) Cr.P.C.,3. POCSO Act violation (sexual offense against a child),4. No (Implicit, as bail was initially granted but later cancelled),5. Chikkamagalur, Karnataka,6. Denied (Initially granted, but later cancelled),7. High Court of Karnataka (Inferred from context),8. null,9. null
1. Jaibunisha vs Meherban,2. IPC 147, 148, 452, 324, 307, 302, 504, 506, 34,3. Murder, Attempted Murder, Assault, Rioting, Criminal Trespass, Criminal intimidation,4. Yes,5. Meerut, Uttar Pradesh,6. Denied,7. Supreme Court of India,8. M.R. SHAH, B.V. NAGARATHNA,9. One person (Yameen) killed; Mobin and Jamshed sustained serious injuries.
1. Vivek Kathotia vs The State Of West Bengal & Ors,2. Section 438, Section 392, Section 156(3), Section 177, Section 439(1), Section 439(2) of Cr.P.C.,3. null,4. No,5. Kolkata, West Bengal,6. Granted (Initially, then the status is altered to needing reconsideration by the CJM),7. High Court of Calcutta,8. S.P. Talukdar,9. null
1. Surinderpal Singh vs State Of Punjab,2. CrPC 167(2),3. null,4. No,5. Mohali, Punjab,6. Granted (Initially, then revoked due to surety withdrawal, then ultimately granted again by this judgment),7. null,8. Anil Kshetarpal,9. null